category_id,title,parent_1,parent_2,parent_3
3dprinting,3D Printing,localservices,,
abruzzese,Abruzzese,italian,,
absinthebars,Absinthe Bars,bars,,
acaibowls,Acai Bowls,food,,
accessories,Accessories,fashion,,
accountants,Accountants,professional,,
acnetreatment,Acne Treatment,beautysvc,,
active,Active Life,,,
acupuncture,Acupuncture,health,,
addictionmedicine,Addiction Medicine,physicians,,
adoptionservices,Adoption Services,localservices,,
adult,Adult,shopping,,
adultedu,Adult Education,education,,
adultentertainment,Adult Entertainment,nightlife,,
advertising,Advertising,professional,,
aerialfitness,Aerial Fitness,fitness,,
aerialtours,Aerial Tours,tours,,
aestheticians,Aestheticians,medicalspa,,
afghani,Afghan,restaurants,,
african,African,restaurants,,
afrobrazilian,Afro-Brazilian,religiousorgs,,
agriturismi,Agriturismi,hotels,,
aircraftdealers,Aircraft Dealers,auto,,
aircraftrepairs,Aircraft Repairs,auto,,
airductcleaning,Air Duct Cleaning,localservices,,
airlines,Airlines,transport,,
airport_shuttles,Airport Shuttles,transport,,
airportlounges,Airport Lounges,bars,,
airports,Airports,hotelstravel,,
airportterminals,Airport Terminals,airports,,
airsoft,Airsoft,active,,
alentejo,Alentejo,portuguese,,
algarve,Algarve,portuguese,,
allergist,Allergists,physicians,,
alsatian,Alsatian,french,,
alternativemedicine,Alternative Medicine,health,,
altoatesine,Altoatesine,italian,,
amateursportsteams,Amateur Sports Teams,active,,
amusementparks,Amusement Parks,active,,
andalusian,Andalusian,restaurants,,
anesthesiologists,Anesthesiologists,physicians,,
animalassistedtherapy,Animal Assisted Therapy,health,,
animalholistic,Holistic Animal Care,petservices,,
animalphysicaltherapy,Animal Physical Therapy,petservices,,
animalshelters,Animal Shelters,pets,,
antiques,Antiques,shopping,,
apartmentagents,Apartment Agents,realestateagents,,
apartments,Apartments,realestate,,
appliances,Appliances,homeandgarden,,
appraisalservices,Appraisal Services,localservices,,
apulian,Apulian,italian,,
aquariums,Aquariums,active,,
aquariumservices,Aquarium Services,petservices,,
arabian,Arabian,restaurants,,
arabpizza,Arab Pizza,arabian,,
arcades,Arcades,arts,,
archery,Archery,active,,
architects,Architects,professional,,
architecturaltours,Architectural Tours,tours,,
argentine,Argentine,restaurants,,
armenian,Armenian,restaurants,,
arroceria_paella,Arroceria / Paella,spanish,,
artclasses,Art Classes,education,,
artconsultants,Art Consultants,professional,,
artificialturf,Artificial Turf,homeservices,,
artinstallation,Art Installation,localservices,,
artmuseums,Art Museums,museums,,
artrestoration,Art Restoration,localservices,,
arts,Arts & Entertainment,,,
artsandcrafts,Arts & Crafts,shopping,,
artschools,Art Schools,specialtyschools,,
artspacerentals,Art Space Rentals,realestate,,
artsupplies,Art Supplies,artsandcrafts,,
arttours,Art Tours,tours,,
asianfusion,Asian Fusion,restaurants,,
assistedliving,Assisted Living Facilities,health,,
astrologers,Astrologers,psychic_astrology,,
asturian,Asturian,restaurants,,
ateliers,Ateliers,artsandcrafts,,
attractionfarms,Attraction Farms,farms,,
atvrentals,ATV Rentals/Tours,active,,
auctionhouses,Auction Houses,shopping,,
audiologist,Audiologist,physicians,,
audiovisualequipmentrental,Audio/Visual Equipment Rental,partyequipmentrentals,,
australian,Australian,restaurants,,
austrian,Austrian,restaurants,,
authorized_postal_representative,Authorized Postal Representative,publicservicesgovt,,
auto,Automotive,,,
auto_detailing,Auto Detailing,auto,,
autocustomization,Auto Customization,auto,,
autodamageassessment,Car Inspectors,auto,,
autoelectric,Auto Electric Services,auto,,
autoglass,Auto Glass Services,auto,,
autoinsurance,Auto Insurance,insurance,,
autoloanproviders,Auto Loan Providers,auto,,
autopartssupplies,Auto Parts & Supplies,auto,,
autorepair,Auto Repair,auto,,
autosecurity,Auto Security,auto,,
autoupholstery,Auto Upholstery,auto,,
auvergnat,Auvergnat,french,,
aviationservices,Aviation Services,auto,,
awnings,Awnings,localservices,,
axethrowing,Axe Throwing,active,,
ayurveda,Ayurveda,health,,
azores,Azores,portuguese,,
baby_gear,Baby Gear & Furniture,shopping,,
backflowservices,Backflow Services,plumbing,,
backshop,Backshop,food,,
baden,Baden,german,,
badminton,Badminton,active,,
bagels,Bagels,food,,
baguettes,Baguettes,restaurants,,
bailbondsmen,Bail Bondsmen,localservices,,
bakeries,Bakeries,food,,
balloonservices,Balloon Services,eventservices,,
bangladeshi,Bangladeshi,restaurants,,
bankruptcy,Bankruptcy Law,lawyers,,
banks,Banks & Credit Unions,financialservices,,
barbers,Barbers,beautysvc,,
barcrawl,Bar Crawl,nightlife,,
barreclasses,Barre Classes,fitness,,
bars,Bars,nightlife,,
bartenders,Bartenders,eventservices,,
bartendingschools,Bartending Schools,specialtyschools,,
baseballfields,Baseball Fields,active,,
basketballcourts,Basketball Courts,active,,
basque,Basque,restaurants,,
bathing_area,Bathing Area,active,,
batterystores,Battery Stores,shopping,,
battingcages,Batting Cages,active,,
bavarian,Bavarian,restaurants,,
bbq,Barbeque,restaurants,,
beachbars,Beach Bars,bars,,
beachequipmentrental,Beach Equipment Rentals,active,,
beaches,Beaches,active,,
beachvolleyball,Beach Volleyball,active,,
beautysvc,Beauty & Spas,,,
bedbreakfast,Bed & Breakfast,hotelstravel,,
beer_and_wine,"Beer, Wine & Spirits",food,,
beerbar,Beer Bar,bars,,
beergarden,Beer Garden,restaurants,,
beergardens,Beer Gardens,nightlife,,
beerhall,Beer Hall,restaurants,,
beertours,Beer Tours,tours,,
behavioranalysts,Behavior Analysts,health,,
beira,Beira,portuguese,,
beisl,Beisl,restaurants,,
belgian,Belgian,restaurants,,
bento,Bento,food,,
berrichon,Berrichon,french,,
bespoke,Bespoke Clothing,shopping,,
bettingcenters,Betting Centers,arts,,
beverage_stores,Beverage Store,food,,
bicyclepaths,Bicycle Paths,active,,
bicycles,Bicycles,,,
bike_repair_maintenance,Bike Repair/Maintenance,localservices,,
bikeassociations,Bike Associations,bicycles,,
bikeparking,Bike Parking,active,,
bikerentals,Bike Rentals,active,,
bikerepair,Bike Repair,bicycles,,
bikes,Bikes,sportgoods,,
bikesharing,Bike Sharing,transport,,
bikeshop,Bike Shop,bicycles,,
biketours,Bike tours,tours,,
billingservices,Billing Services,professional,,
bingo,Bingo Halls,arts,,
biohazardcleanup,Biohazard Cleanup,localservices,,
birdshops,Bird Shops,petstore,,
bistros,Bistros,restaurants,,
blacksea,Black Sea,restaurants,,
blinds,Shades & Blinds,homeservices,,
blooddonation,Blood & Plasma Donation Centers,health,,
blowfish,Blowfish,japanese,,
blowoutservices,Blow Dry/Out Services,hair,,
boatcharters,Boat Charters,eventservices,,
boatdealers,Boat Dealers,auto,,
boating,Boating,active,,
boatpartsandsupplies,Boat Parts & Supplies,auto,,
boatrepair,Boat Repair,professional,,
boattours,Boat Tours,tours,,
bobsledding,Bobsledding,active,,
bocceball,Bocce Ball,active,,
bodycontouring,Body Contouring,health,,
bodyshops,Body Shops,auto,,
bookbinding,Bookbinding,localservices,,
bookkeepers,Bookkeepers,professional,,
bookstores,Bookstores,media,,
bootcamps,Boot Camps,fitness,,
boudoirphotography,Boudoir Photography,photographers,,
bouncehouserentals,Bounce House Rentals,partyequipmentrentals,,
bourguignon,Bourguignon,french,,
bowling,Bowling,active,,
boxing,Boxing,fitness,,
brasseries,Brasseries,restaurants,,
brazilian,Brazilian,restaurants,,
brazilianempanadas,Brazilian Empanadas,brazilian,,
brazilianjiujitsu,Brazilian Jiu-jitsu,martialarts,,
breakfast_brunch,Breakfast & Brunch,restaurants,,
breweries,Breweries,food,,
brewingsupplies,Brewing Supplies,shopping,,
brewpubs,Brewpubs,breweries,,
bridal,Bridal,shopping,,
british,British,restaurants,,
bubblesoccer,Bubble Soccer,active,,
bubbletea,Bubble Tea,food,,
buddhist_temples,Buddhist Temples,religiousorgs,,
buffets,Buffets,restaurants,,
buildingsupplies,Building Supplies,homeservices,,
bulgarian,Bulgarian,restaurants,,
bulkbilling,Bulk Billing,medcenters,,
bungeejumping,Bungee Jumping,active,,
burgers,Burgers,restaurants,,
burmese,Burmese,restaurants,,
buses,Buses,transport,,
businessconsulting,Business Consulting,professional,,
businessfinancing,Business Financing,financialservices,,
businesslawyers,Business Law,lawyers,,
busrental,Bus Rental,localservices,,
busstations,Bus Stations,transport,,
bustours,Bus Tours,tours,,
butcher,Butcher,food,,
c_and_mh,Counseling & Mental Health,health,,
cabaret,Cabaret,arts,,
cabinetry,Cabinetry,homeservices,,
cablecars,Cable Cars,transport,,
cafes,Cafes,restaurants,,
cafeteria,Cafeteria,restaurants,,
cajun,Cajun/Creole,restaurants,,
cakeshop,Patisserie/Cake Shop,food,,
calabrian,Calabrian,italian,,
calligraphy,Calligraphy,localservices,,
cambodian,Cambodian,restaurants,,
campgrounds,Campgrounds,hotelstravel,,
candlestores,Candle Stores,homeandgarden,,
candy,Candy Stores,gourmet,,
cannabis_clinics,Cannabis Clinics,health,,
cannabiscollective,Cannabis Collective,health,,
cannabisdispensaries,Cannabis Dispensaries,shopping,,
cannabisreferrals,Medical Cannabis Referrals,health,,
cannabistours,Cannabis Tours,cannabis_clinics,,
canteen,Canteen,restaurants,,
cantonese,Cantonese,chinese,,
canyoneering,Canyoneering,active,,
car_dealers,Car Dealers,auto,,
carauctions,Car Auctions,auto,,
carbrokers,Car Brokers,auto,,
carbuyers,Car Buyers,auto,,
cardioclasses,Cardio Classes,fitness,,
cardiology,Cardiologists,physicians,,
careercounseling,Career Counseling,professional,,
caribbean,Caribbean,restaurants,,
caricatures,Caricatures,eventservices,,
carousels,Carousels,active,,
carpenters,Carpenters,homeservices,,
carpet_cleaning,Carpet Cleaning,localservices,,
carpetdyeing,Carpet Dyeing,localservices,,
carpeting,Carpeting,homeservices,,
carpetinstallation,Carpet Installation,homeservices,,
carrental,Car Rental,hotelstravel,,
carshares,Car Share Services,auto,,
carwash,Car Wash,auto,,
carwindowtinting,Car Window Tinting,autoglass,,
casinos,Casinos,arts,,
castles,Castles,arts,,
catalan,Catalan,restaurants,,
catering,Caterers,eventservices,,
cellphoneaccessories,Mobile Phone Accessories,shopping,,
centralbrazilian,Central Brazilian,brazilian,,
ceremonialclothing,Ceremonial Clothing,fashion,,
challengecourses,Challenge Courses,active,,
champagne_bars,Champagne Bars,bars,,
cheekufta,Chee Kufta,turkish,,
cheerleading,Cheerleading,specialtyschools,,
cheese,Cheese Shops,gourmet,,
cheesesteaks,Cheesesteaks,restaurants,,
cheesetastingclasses,Cheese Tasting Classes,tastingclasses,,
chicken_wings,Chicken Wings,restaurants,,
chickenshop,Chicken Shop,restaurants,,
childbirthedu,Childbirth Education,specialtyschools,,
childcare,Child Care & Day Care,localservices,,
childcloth,Children's Clothing,fashion,,
childproofing,Childproofing,homeservices,,
childrensmuseums,Children's Museums,museums,,
chilean,Chilean,restaurants,,
chimneycakes,Chimney Cakes,food,,
chimneysweeps,Chimney Sweeps,homeservices,,
chinese,Chinese,restaurants,,
chinesebazaar,Chinese Bazaar,shopping,,
chinesemartialarts,Chinese Martial Arts,martialarts,,
chiropractors,Chiropractors,health,,
chocolate,Chocolatiers & Shops,gourmet,,
choirs,Choirs,arts,,
christmastrees,Christmas Trees,homeandgarden,,
churches,Churches,religiousorgs,,
churros,Churros,food,,
cideries,Cideries,food,,
cigarbars,Cigar Bars,bars,,
circuittraininggyms,Circuit Training Gyms,gyms,,
circusschools,Circus Schools,specialtyschools,,
civiccenter,Civic Center,publicservicesgovt,,
climbing,Climbing,active,,
clockrepair,Clock Repair,localservices,,
clothingrental,Clothing Rental,fashion,,
clowns,Clowns,eventservices,,
clubcrawl,Club Crawl,nightlife,,
cocktailbars,Cocktail Bars,bars,,
coffee,Coffee & Tea,food,,
coffeeroasteries,Coffee Roasteries,food,,
coffeeshops,Coffeeshops,nightlife,,
coffeeteasupplies,Coffee & Tea Supplies,food,,
collegecounseling,College Counseling,education,,
collegeuniv,Colleges & Universities,education,,
colombian,Colombian,latin,,
colonics,Colonics,health,,
comedyclubs,Comedy Clubs,nightlife,,
comfortfood,Comfort Food,restaurants,,
comicbooks,Comic Books,media,,
commercialrealestate,Commercial Real Estate,realestate,,
commissionedartists,Commissioned Artists,professional,,
communitybookbox,Community Book Box,localservices,,
communitycenters,Community Centers,publicservicesgovt,,
communitygardens,Community Gardens,localservices,,
computers,Computers,shopping,,
concept_shops,Concept Shops,shopping,,
conciergemedicine,Concierge Medicine,health,,
condominiums,Condominiums,realestate,,
congee,Congee,chinese,,
consumerlaw,Consumer Law,lawyers,,
contractlaw,Contract Law,lawyers,,
contractors,Contractors,homeservices,,
convenience,Convenience Stores,food,,
conveyorsushi,Conveyor Belt Sushi,japanese,,
cookingclasses,Cooking Classes,artsandcrafts,,
cookingschools,Cooking Schools,specialtyschools,,
copyshops,Printing Services,localservices,,
corsican,Corsican,restaurants,,
cosmeticdentists,Cosmetic Dentists,dentists,,
cosmetics,Cosmetics & Beauty Supply,beautysvc,shopping,
cosmeticsurgeons,Cosmetic Surgeons,physicians,,
cosmetology_schools,Cosmetology Schools,specialtyschools,,
costumes,Costumes,artsandcrafts,,
countertopinstall,Countertop Installation,homeservices,,
countryclubs,Country Clubs,arts,,
countrydancehalls,Country Dance Halls,nightlife,,
couriers,Couriers & Delivery Services,localservices,,
courthouses,Courthouses,publicservicesgovt,,
courtreporters,Court Reporters,legalservices,,
cprclasses,CPR Classes,specialtyschools,,
craneservices,Crane Services,localservices,,
cremationservices,Cremation Services,funeralservices,,
creperies,Creperies,restaurants,,
criminaldefense,Criminal Defense Law,lawyers,,
crisispregnancycenters,Crisis Pregnancy Centers,health,,
cryotherapy,Cryotherapy,health,,
csa,CSA,food,,
cuban,Cuban,restaurants,,
cucinacampana,Cucina campana,italian,,
culturalcenter,Cultural Center,arts,,
cupcakes,Cupcakes,food,,
currencyexchange,Currency Exchange,financialservices,,
currysausage,Curry Sausage,restaurants,,
customcakes,Custom Cakes,food,,
custommerchandise,Customized Merchandise,shopping,,
customsbrokers,Customs Brokers,professional,,
cyclingclasses,Cycling Classes,active,,
cypriot,Cypriot,restaurants,,
czech,Czech,restaurants,,
czechslovakian,Czech/Slovakian,restaurants,,
dagashi,Dagashi,gourmet,,
damagerestoration,Damage Restoration,homeservices,,
dance_schools,Dance Schools,specialtyschools,,
danceclubs,Dance Clubs,nightlife,,
dancerestaurants,Dance Restaurants,nightlife,,
dancestudio,Dance Studios,fitness,,
dancewear,Dance Wear,sportswear,,
danish,Danish,restaurants,,
dartarenas,Dart Arenas,active,,
datarecovery,Data Recovery,itservices,,
daycamps,Day Camps,active,,
debtrelief,Debt Relief Services,financialservices,,
decksrailing,Decks & Railing,homeservices,,
delicatessen,Delicatessen,food,,
delis,Delis,restaurants,,
demolitionservices,Demolition Services,homeservices,,
dentalhygeiniststorefront,Storefront Clinics,dentalhygienists,,
dentalhygienists,Dental Hygienists,health,,
dentalhygienistsmobile,Mobile Clinics,dentalhygienists,,
dentists,Dentists,health,,
departmentsofmotorvehicles,Departments of Motor Vehicles,publicservicesgovt,,
deptstores,Department Stores,fashion,shopping,
dermatology,Dermatologists,physicians,,
desserts,Desserts,food,,
diagnosticimaging,Diagnostic Imaging,diagnosticservices,,
diagnosticservices,Diagnostic Services,health,,
dialysisclinics,Dialysis Clinics,health,,
diamondbuyers,Diamond Buyers,shopping,,
dietitians,Dietitians,health,,
digitizingservices,Digitizing Services,professional,,
dimsum,Dim Sum,chinese,,
diners,Diners,restaurants,,
dinnertheater,Dinner Theater,restaurants,,
disabilitylaw,Disability Law,lawyers,,
discgolf,Disc Golf,active,,
discountstore,Discount Store,shopping,,
distilleries,Distilleries,food,,
divebars,Dive Bars,bars,,
diveshops,Dive Shops,sportgoods,,
diving,Diving,active,,
divorce,Divorce & Family Law,lawyers,,
diyautoshop,DIY Auto Shop,autorepair,,
diyfood,Do-It-Yourself Food,food,,
djs,DJs,eventservices,,
dog_parks,Dog Parks,parks,,
dogwalkers,Dog Walkers,petservices,,
dolmusstation,Dolmus Station,transport,,
dominican,Dominican,caribbean,,
donairs,Donairs,food,,
donationcenter,Donation Center,localservices,,
donburi,Donburi,japanese,,
donuts,Donuts,food,,
doorsales,Door Sales/Installation,homeservices,,
doulas,Doulas,health,,
dramaschools,Drama Schools,specialtyschools,,
driedfruit,Dried Fruit,gourmet,,
driveintheater,Drive-In Theater,movietheaters,,
drivethrubars,Drive-Thru Bars,bars,,
driving_schools,Driving Schools,specialtyschools,,
drones,Drones,shopping,,
drugstores,Drugstores,shopping,,
dryclean,Dry Cleaning,laundryservices,,
drywall,Drywall Installation & Repair,homeservices,,
duilawyers,DUI Law,lawyers,,
duischools,DUI Schools,specialtyschools,,
dumplings,Dumplings,restaurants,,
dumpsterrental,Dumpster Rental,junkremovalandhauling,,
duplicationservices,Duplication Services,professional,,
dutyfreeshops,Duty-Free Shops,shopping,,
earnosethroat,Ear Nose & Throat,physicians,,
eastern_european,Eastern European,restaurants,,
easterngerman,Eastern German,german,,
easternmexican,Eastern Mexican,mexican,,
eatertainment,Eatertainment,arts,,
editorialservices,Editorial Services,professional,,
education,Education,,,
educationservices,Educational Services,education,,
egyptian,Egyptian,mideastern,,
eldercareplanning,Elder Care Planning,localservices,,
elderlaw,Elder Law,lawyers,,
electricians,Electricians,homeservices,,
electricitysuppliers,Electricity Suppliers,utilities,,
electronics,Electronics,shopping,,
electronicsrepair,Electronics Repair,localservices,,
elementaryschools,Elementary Schools,education,,
elevatorservices,Elevator Services,localservices,,
eltern_cafes,Parent Cafes,restaurants,food,
embassy,Embassy,publicservicesgovt,,
embroideryandcrochet,Embroidery & Crochet,artsandcrafts,,
emergencymedicine,Emergency Medicine,physicians,,
emergencypethospital,Emergency Pet Hospital,petservices,,
emergencyrooms,Emergency Rooms,health,,
emilian,Emilian,italian,,
empanadas,Empanadas,food,,
employmentagencies,Employment Agencies,professional,,
employmentlawyers,Employment Law,lawyers,,
emstraining,EMS Training,fitness,,
endocrinologists,Endocrinologists,physicians,,
endodontists,Endodontists,dentists,,
engraving,Engraving,localservices,,
entertainmentlaw,Entertainment Law,lawyers,,
enviroabatement,Environmental Abatement,localservices,,
environmentaltesting,Environmental Testing,localservices,,
eritrean,Eritrean,restaurants,,
eroticmassage,Erotic Massage,beautysvc,,
escapegames,Escape Games,active,,
estateliquidation,Estate Liquidation,realestate,,
estatephotography,Real Estate Photography,realestatesvcs,,
estateplanning,Estate Planning Law,lawyers,,
estheticians,Estheticians,skincare,,
ethicgrocery,Ethical Grocery,food,,
ethiopian,Ethiopian,restaurants,,
evchargingstations,EV Charging Stations,auto,,
eventphotography,Event Photography,photographers,,
eventplanning,Party & Event Planning,eventservices,,
eventservices,Event Planning & Services,,,
excavationservices,Excavation Services,homeservices,,
experiences,Experiences,active,,
eyebrowservices,Eyebrow Services,beautysvc,,
eyelashservice,Eyelash Service,beautysvc,,
fabricstores,Fabric Stores,artsandcrafts,,
facepainting,Face Painting,eventservices,,
fado_houses,Fado Houses,portuguese,,
faithbasedcpc,Faith-based Crisis Pregnancy Centers,crisispregnancycenters,,
falafel,Falafel,mediterranean,,
familydr,Family Practice,physicians,,
farmequipmentrepair,Farm Equipment Repair,localservices,,
farmersmarket,Farmers Market,food,,
farmingequipment,Farming Equipment,shopping,,
farms,Farms,arts,,
farriers,Farriers,petservices,,
fashion,Fashion,shopping,,
fasil,Fasil Music,nightlife,,
fencesgates,Fences & Gates,homeservices,,
fencing,Fencing Clubs,active,,
fengshui,Feng Shui,professional,,
ferries,Ferries,transport,,
fertility,Fertility,physicians,,
festivals,Festivals,arts,,
filipino,Filipino,restaurants,,
financialadvising,Financial Advising,financialservices,,
financialservices,Financial Services,,,
fingerprinting,Fingerprinting,localservices,,
firearmtraining,Firearm Training,specialtyschools,,
firedepartments,Fire Departments,publicservicesgovt,,
fireplace,Fireplace Services,homeservices,,
fireprotection,Fire Protection Services,homeservices,,
firewood,Firewood,homeservices,,
fireworks,Fireworks,shopping,,
firstaidclasses,First Aid Classes,specialtyschools,,
fischbroetchen,Fischbroetchen,restaurants,,
fishing,Fishing,active,,
fishmonger,Fishmonger,food,,
fishnchips,Fish & Chips,restaurants,,
fitness,Fitness & Instruction,active,,
fitnessequipment,Fitness/Exercise Equipment,shopping,,
flatbread,Flatbread,restaurants,,
fleamarkets,Flea Markets,shopping,,
flemish,Flemish,belgian,,
flightinstruction,Flight Instruction,specialtyschools,,
floatspa,Float Spa,health,,
flooring,Flooring,homeservices,,
floraldesigners,Floral Designers,eventservices,,
florists,Florists,flowers,,
flowers,Flowers & Gifts,shopping,,
flyboarding,Flyboarding,active,,
fondue,Fondue,restaurants,,
food,Food,,,
food_court,Food Court,restaurants,,
foodbanks,Food Banks,nonprofit,,
fooddeliveryservices,Food Delivery Services,food,,
foodsafety,Food Safety Training,specialtyschools,,
foodstands,Food Stands,restaurants,,
foodtours,Food Tours,tours,,
foodtrucks,Food Trucks,food,,
football,Soccer,active,,
footcare,Foot Care,beautysvc,,
forestry,Forestry,localservices,,
formalwear,Formal Wear,fashion,,
foundationrepair,Foundation Repair,homeservices,,
framing,Framing,artsandcrafts,,
franconian,Franconian,german,,
freediving,Free Diving,diving,,
freiduria,Freiduria,restaurants,,
french,French,restaurants,,
friterie,Friterie,food,,
friulan,Friulan,italian,,
frozenfood,Frozen Food,gourmet,,
fueldocks,Fuel Docks,auto,,
funeralservices,Funeral Services & Cemeteries,localservices,,
funfair,Fun Fair,festivals,,
furclothing,Fur Clothing,fashion,,
furniture,Furniture Stores,homeandgarden,,
furnitureassembly,Furniture Assembly,homeservices,,
furniturerepair,Furniture Repair,localservices,,
fuzhou,Fuzhou,chinese,,
galician,Galician,restaurants,,
galleries,Art Galleries,arts,shopping,
gamemeat,Game Meat,restaurants,,
gametruckrental,Game Truck Rental,eventservices,,
garage_door_services,Garage Door Services,homeservices,,
gardeners,Gardeners,homeservices,,
gardening,Nurseries & Gardening,homeandgarden,,
gardens,Botanical Gardens,arts,,
gastroenterologist,Gastroenterologist,physicians,,
gastropubs,Gastropubs,restaurants,,
gaybars,Gay Bars,bars,,
gelato,Gelato,food,,
gemstonesandminerals,Gemstones & Minerals,shopping,,
general_litigation,General Litigation,lawyers,,
generaldentistry,General Dentistry,dentists,,
generalfestivals,General Festivals,festivals,,
generatorinstallrepair,Generator Installation/Repair,localservices,,
geneticists,Geneticists,physicians,,
georgian,Georgian,restaurants,,
german,German,restaurants,,
gerontologist,Gerontologists,physicians,,
gestorias,Gestorias,localservices,,
giblets,Giblets,restaurants,,
giftshops,Gift Shops,flowers,,
glassandmirrors,Glass & Mirrors,homeservices,,
glassblowing,Glass Blowing,artclasses,,
gliding,Gliding,active,,
gluhwein,Mulled Wine,food,,
gluten_free,Gluten-Free,restaurants,,
gokarts,Go Karts,active,,
goldbuyers,Gold Buyers,shopping,,
golf,Golf,active,,
golfcartdealers,Golf Cart Dealers,auto,,
golfcartrentals,Golf Cart Rentals,eventservices,,
golfequipment,Golf Equipment,sportgoods,,
golflessons,Golf Lessons,fitness,,
gourmet,Specialty Food,food,,
gozleme,Gozleme,turkish,,
graphicdesign,Graphic Design,professional,,
greek,Greek,restaurants,,
grillingequipment,Grilling Equipment,homeandgarden,,
grillservices,Grill Services,localservices,,
grocery,Grocery,food,,
groomer,Pet Groomers,petservices,,
groutservices,Grout Services,homeservices,,
guamanian,Guamanian,restaurants,,
guesthouses,Guest Houses,hotelstravel,,
guitarstores,Guitar Stores,musicinstrumentservices,,
gun_ranges,Gun/Rifle Ranges,active,,
guns_and_ammo,Guns & Ammo,shopping,,
gunsmith,Gunsmith,localservices,,
gutterservices,Gutter Services,homeservices,,
gymnastics,Gymnastics,active,,
gyms,Gyms,fitness,,
gyudon,Gyudon,donburi,,
habilitativeservices,Habilitative Services,health,,
hainan,Hainan,chinese,,
hair,Hair Salons,beautysvc,,
hair_extensions,Hair Extensions,beautysvc,hair,
hairloss,Hair Loss Centers,beautysvc,,
hairremoval,Hair Removal,beautysvc,,
hairstylists,Hair Stylists,hair,,
haitian,Haitian,caribbean,,
hakka,Hakka,chinese,,
halal,Halal,restaurants,,
halfwayhouses,Halfway Houses,health,,
halotherapy,Halotherapy,health,,
handball,Handball,active,,
handrolls,Hand Rolls,japanese,,
handyman,Handyman,homeservices,,
hanggliding,Hang Gliding,active,,
hardware,Hardware Stores,homeandgarden,,
hats,Hats,fashion,,
hauntedhouses,Haunted Houses,arts,,
hawaiian,Hawaiian,restaurants,,
hawkercentre,Hawker Centre,food,,
hazardouswastedisposal,Hazardous Waste Disposal,localservices,,
headshops,Head Shops,shopping,,
health,Health & Medical,,,
healthcoach,Health Coach,health,,
healthinsurance,Health Insurance Offices,health,,
healthmarkets,Health Markets,gourmet,,
healthretreats,Health Retreats,hotelstravel,,
healthtrainers,Trainers,fitness,,
hearing_aids,Hearing Aids,health,,
hearingaidproviders,Hearing Aid Providers,health,,
henghwa,Henghwa,chinese,,
hennaartists,Henna Artists,eventservices,,
hepatologists,Hepatologists,physicians,,
herbalshops,Herbal Shops,health,,
herbsandspices,Herbs & Spices,gourmet,,
hessian,Hessian,german,,
heuriger,Heuriger,restaurants,,
hifi,High Fidelity Audio Equipment,shopping,,
highschools,Middle Schools & High Schools,education,,
hiking,Hiking,active,,
himalayan,Himalayan/Nepalese,restaurants,,
hindu_temples,Hindu Temples,religiousorgs,,
historicaltours,Historical Tours,tours,,
hkcafe,Hong Kong Style Cafe,restaurants,,
hobbyshops,Hobby Shops,shopping,,
hockeyequipment,Hockey Equipment,sportgoods,,
hokkien,Hokkien,chinese,,
holidaydecorations,Holiday Decorations,homeandgarden,,
home_inspectors,Home Inspectors,homeservices,,
home_organization,Home Organization,homeservices,,
homeandgarden,Home & Garden,shopping,,
homeappliancerepair,Appliances & Repair,localservices,,
homeautomation,Home Automation,homeservices,,
homecleaning,Home Cleaning,homeservices,,
homedecor,Home Decor,homeandgarden,,
homedevelopers,Home Developers,realestate,,
homeenergyauditors,Home Energy Auditors,homeservices,,
homehealthcare,Home Health Care,health,,
homeinsurance,Home & Rental Insurance,insurance,,
homelessshelters,Homeless Shelters,nonprofit,,
homemadefood,Homemade Food,turkish,,
homenetworkinstall,Home Network Installation,homeservices,,
homeopathic,Homeopathic,physicians,,
homeownerassociation,Homeowner Association,realestate,,
homeservices,Home Services,,,
homestaging,Home Staging,realestate,,
hometheatreinstallation,Home Theatre Installation,homeservices,,
homewindowtinting,Home Window Tinting,homeservices,,
honduran,Honduran,restaurants,,
honey,Honey,food,,
hookah_bars,Hookah Bars,bars,,
horse_boarding,Horse Boarding,pets,,
horsebackriding,Horseback Riding,active,,
horsequipment,Horse Equipment Shops,shopping,,
horseracing,Horse Racing,active,,
horumon,Horumon,japanese,,
hospice,Hospice,health,,
hospitalists,Hospitalists,physicians,,
hospitals,Hospitals,health,,
hostels,Hostels,hotelstravel,,
hot_air_balloons,Hot Air Balloons,active,,
hotdog,Hot Dogs,restaurants,,
hotdogs,Fast Food,restaurants,,
hotel_bar,Hotel bar,bars,,
hotels,Hotels,eventservices,hotelstravel,
hotelstravel,Hotels & Travel,,,
hotpot,Hot Pot,restaurants,,
hotsprings,Hot Springs,beautysvc,,
hottubandpool,Hot Tub & Pool,homeandgarden,,
housesitters,House Sitters,homeservices,,
housingcooperatives,Housing Cooperatives,realestate,,
hunan,Hunan,chinese,,
hungarian,Hungarian,restaurants,,
huntingfishingsupplies,Hunting & Fishing Supplies,sportgoods,,
hvac,Heating & Air Conditioning/HVAC,homeservices,,
hybridcarrepair,Hybrid Car Repair,auto,,
hydrojetting,Hydro-jetting,localservices,,
hydroponics,Hydroponics,gardening,,
hydrotherapy,Hydrotherapy,health,,
hypnosis,Hypnosis/Hypnotherapy,health,,
iberian,Iberian,restaurants,,
icecream,Ice Cream & Frozen Yogurt,food,,
icedelivery,Ice Delivery,localservices,,
immigrationlawyers,Immigration Law,lawyers,,
immunodermatologists,Immunodermatologists,physicians,,
importedfood,Imported Food,food,,
indonesian,Indonesian,restaurants,,
indoor_playcenter,Indoor Playcentre,active,,
indoorlandscaping,Indoor Landscaping,professional,,
indpak,Indian,restaurants,,
infectiousdisease,Infectious Disease Specialists,physicians,,
installmentloans,Installment Loans,financialservices,,
insulationinstallation,Insulation Installation,homeservices,,
insurance,Insurance,financialservices,,
interiordesign,Interior Design,homeservices,,
interlocksystems,Interlock Systems,auto,,
internalmed,Internal Medicine,physicians,,
international,International,restaurants,,
internetbooth,Internet Booths & Calling Centers,localservices,,
internetcafe,Internet Cafes,food,,
intervaltraininggyms,Interval Training Gyms,gyms,,
intlgrocery,International Grocery,food,,
investing,Investing,financialservices,,
iplaw,IP & Internet Law,lawyers,,
irish,Irish,restaurants,,
irish_pubs,Irish Pub,bars,,
irrigation,Irrigation,homeservices,,
island_pub,Island Pub,restaurants,,
isps,Internet Service Providers,homeservices,professional,
israeli,Israeli,restaurants,,
italian,Italian,restaurants,,
itservices,IT Services & Computer Repair,localservices,,
ivhydration,IV Hydration,health,,
izakaya,Izakaya,japanese,,
jailsandprisons,Jails & Prisons,publicservicesgovt,,
jaliscan,Jaliscan,mexican,,
japacurry,Japanese Curry,japanese,,
japanese,Japanese,restaurants,,
jazzandblues,Jazz & Blues,arts,nightlife,
jetskis,Jet Skis,active,,
jewelry,Jewelry,shopping,,
jewelryrepair,Jewelry Repair,localservices,,
jewish,Jewish,restaurants,,
jpsweets,Japanese Sweets,food,,
juicebars,Juice Bars & Smoothies,food,,
junkremovalandhauling,Junk Removal & Hauling,localservices,,
junkyards,Junkyards,localservices,,
kaiseki,Kaiseki,japanese,,
karaoke,Karaoke,nightlife,,
karaokerental,Karaoke Rental,partyequipmentrentals,,
karate,Karate,martialarts,,
kebab,Kebab,restaurants,,
kickboxing,Kickboxing,martialarts,,
kids_activities,Kids Activities,active,,
kidshairsalons,Kids Hair Salons,hair,,
kimonos,Kimonos,fashion,,
kiosk,Kiosk,shopping,food,
kitchenandbath,Kitchen & Bath,homeandgarden,,
kitchenincubators,Kitchen Incubators,realestate,,
kitchensupplies,Kitchen Supplies,kitchenandbath,,
kiteboarding,Kiteboarding,active,,
knifesharpening,Knife Sharpening,localservices,,
knittingsupplies,Knitting Supplies,shopping,,
kombucha,Kombucha,food,,
kopitiam,Kopitiam,restaurants,,
korean,Korean,restaurants,,
kosher,Kosher,restaurants,,
kurdish,Kurdish,restaurants,,
kushikatsu,Kushikatsu,japanese,,
laboratorytesting,Laboratory Testing,diagnosticservices,,
lactationservices,Lactation Services,health,,
lahmacun,Lahmacun,turkish,,
lakes,Lakes,active,,
lancenters,LAN Centers,arts,,
landmarks,Landmarks & Historical Buildings,publicservicesgovt,,
landscapearchitects,Landscape Architects,homeservices,,
landscaping,Landscaping,homeservices,,
landsurveying,Land Surveying,realestatesvcs,,
language_schools,Language Schools,specialtyschools,,
laos,Laos,restaurants,,
laotian,Laotian,restaurants,,
laser_hair_removal,Laser Hair Removal,hairremoval,,
laserlasikeyes,Laser Eye Surgery/Lasik,health,,
lasertag,Laser Tag,active,,
latin,Latin American,restaurants,,
laundromat,Laundromat,laundryservices,,
laundryservices,Laundry Services,localservices,,
lawn_bowling,Lawn Bowling,active,,
lawnservices,Lawn Services,landscaping,,
lawyers,Lawyers,professional,,
leather,Leather Goods,fashion,,
lebanese,Lebanese,mideastern,,
legalservices,Legal Services,professional,,
libraries,Libraries,publicservicesgovt,,
liceservices,Lice Services,health,,
lifecoach,Life Coach,professional,,
lifeinsurance,Life Insurance,insurance,,
lighting,Lighting Fixtures & Equipment,homeservices,,
lightingstores,Lighting Stores,homeandgarden,,
ligurian,Ligurian,italian,,
limos,Limos,transport,,
linens,Linens,homeandgarden,,
lingerie,Lingerie,fashion,,
livestocksupply,Livestock Feed & Supply,shopping,,
localfishstores,Local Fish Stores,petstore,,
localflavor,Local Flavor,,,
localservices,Local Services,,,
locksmiths,Keys & Locksmiths,homeservices,,
lounges,Lounges,bars,,
luggage,Luggage,shopping,,
luggagestorage,Luggage Storage,travelservices,,
lumbard,Lumbard,italian,,
lyonnais,Lyonnais,restaurants,,
macarons,Macarons,gourmet,,
machinerental,Machine & Tool Rental,localservices,,
machineshops,Machine Shops,localservices,,
madeira,Madeira,portuguese,,
magicians,Magicians,eventservices,,
mags,Newspapers & Magazines,media,,
mahjong,Mah Jong Halls,arts,,
mailboxcenters,Mailbox Centers,localservices,,
makerspaces,Makerspaces,arts,,
makeupartists,Makeup Artists,beautysvc,,
malaysian,Malaysian,restaurants,,
mamak,Mamak,malaysian,,
marchingbands,Marching Bands,arts,,
marinas,Marinas,auto,,
marketing,Marketing,professional,,
markets,Fruits & Veggies,gourmet,,
marketstalls,Market Stalls,shopping,,
martialarts,Martial Arts,fitness,,
masonry_concrete,Masonry/Concrete,homeservices,,
massage,Massage,beautysvc,,
massage_schools,Massage Schools,specialtyschools,,
massage_therapy,Massage Therapy,health,,
massmedia,Mass Media,,,
matchmakers,Matchmakers,professional,,
materialeelettrico,Materiale elettrico,homeandgarden,,
maternity,Maternity Wear,fashion,,
mattresses,Mattresses,homeandgarden,,
mauritius,Mauritius,french,,
meaderies,Meaderies,food,,
meatballs,Meatballs,restaurants,,
meats,Meat Shops,gourmet,,
medcenters,Medical Centers,health,,
media,"Books, Mags, Music & Video",shopping,,
mediators,Mediators,professional,,
medicalfoot,Medical Foot Care,health,,
medicallaw,Medical Law,lawyers,,
medicalspa,Medical Spas,beautysvc,health,
medicalsupplies,Medical Supplies,shopping,,
medicaltransportation,Medical Transportation,health,,
meditationcenters,Meditation Centers,fitness,,
mediterranean,Mediterranean,restaurants,,
memorycare,Memory Care,health,,
menscloth,Men's Clothing,fashion,,
menshair,Men's Hair Salons,hair,,
metaldetectorservices,Metal Detector Services,localservices,,
metalfabricators,Metal Fabricators,localservices,,
metrostations,Metro Stations,transport,,
mexican,Mexican,restaurants,,
mideastern,Middle Eastern,restaurants,,
midwives,Midwives,health,,
militarysurplus,Military Surplus,shopping,,
milkbars,Milk Bars,restaurants,,
milkshakebars,Milkshake Bars,food,,
minho,Minho,portuguese,,
mini_golf,Mini Golf,active,,
mistingsystemservices,Misting System Services,localservices,,
mobile_home_repair,Mobile Home Repair,homeservices,,
mobiledentrepair,Mobile Dent Repair,auto,,
mobilehomes,Mobile Home Dealers,realestate,,
mobileparks,Mobile Home Parks,realestate,,
mobilephonerepair,Mobile Phone Repair,itservices,,
mobilephones,Mobile Phones,shopping,,
mobilityequipment,Mobility Equipment Sales & Services,auto,,
modern_australian,Modern Australian,restaurants,,
modern_european,Modern European,restaurants,,
mohels,Mohels,eventservices,,
mongolian,Mongolian,restaurants,,
montessori,Montessori Schools,education,,
moroccan,Moroccan,restaurants,,
mortgagebrokers,Mortgage Brokers,realestate,,
mortgagelenders,Mortgage Lenders,financialservices,,
mortuaryservices,Mortuary Services,funeralservices,,
mosques,Mosques,religiousorgs,,
motodealers,Motorsport Vehicle Dealers,auto,,
motorcycle_rental,Motorcycle Rental,hotelstravel,,
motorcycledealers,Motorcycle Dealers,auto,,
motorcyclepartsandsupplies,Motorcycle Parts & Supplies,autopartssupplies,,
motorcyclerepair,Motorcycle Repair,auto,,
motorcyclinggear,Motorcycle Gear,shopping,,
motorepairs,Motorsport Vehicle Repairs,auto,,
mountainbiking,Mountain Biking,active,,
mountainhuts,Mountain Huts,hotels,,
movers,Movers,homeservices,,
movietheaters,Cinema,arts,,
muaythai,Muay Thai,martialarts,,
municipality,Municipality,publicservicesgovt,,
museums,Museums,arts,,
musicalinstrumentsandteachers,Musical Instruments & Teachers,shopping,,
musicians,Musicians,eventservices,,
musicinstrumentservices,Musical Instrument Services,localservices,,
musicproduction,Music Production Services,professional,,
musicvenues,Music Venues,arts,nightlife,
musicvideo,Music & DVDs,media,,
mystics,Mystics,psychic_astrology,,
nailtechnicians,Nail Technicians,othersalons,,
nannys,Nanny Services,localservices,,
napoletana,Napoletana,italian,,
nasilemak,Nasi Lemak,food,,
naturalgassuppliers,Natural Gas Suppliers,utilities,,
naturopathic,Naturopathic/Holistic,physicians,,
nephrologists,Nephrologists,physicians,,
neurologist,Neurologist,physicians,,
neuropathologists,Neuropathologists,physicians,,
neurotologists,Neurotologists,physicians,,
newamerican,American (New),restaurants,,
newcanadian,Canadian (New),restaurants,,
newmexican,New Mexican Cuisine,restaurants,,
newzealand,New Zealand,restaurants,,
nicaraguan,Nicaraguan,restaurants,,
nicois,Nicoise,french,,
nightfood,Night Food,restaurants,,
nightlife,Nightlife,,,
nikkei,Nikkei,restaurants,,
nonprofit,Community Service/Non-Profit,localservices,,
noodles,Noodles,restaurants,,
norcinerie,Norcinerie,restaurants,,
northeasternbrazilian,Northeastern Brazilian,brazilian,,
northernbrazilian,Northern Brazilian,brazilian,,
northerngerman,Northern German,german,,
northernmexican,Northern Mexican,mexican,,
norwegian,Traditional Norwegian,restaurants,,
notaries,Notaries,localservices,,
nudist,Nudist,active,,
nursepractitioner,Nurse Practitioner,health,,
nursingschools,Nursing Schools,specialtyschools,,
nutritionists,Nutritionists,health,,
nyonya,Nyonya,malaysian,,
oaxacan,Oaxacan,mexican,,
obgyn,Obstetricians & Gynecologists,physicians,,
observatories,Observatories,arts,,
occupationaltherapy,Occupational Therapy,health,,
oden,Oden,japanese,,
officecleaning,Office Cleaning,professional,,
officeequipment,Office Equipment,shopping,,
officiants,Officiants,eventservices,,
oilchange,Oil Change Stations,auto,,
okinawan,Okinawan,japanese,,
okonomiyaki,Okonomiyaki,japanese,,
oliveoil,Olive Oil,gourmet,,
oncologist,Oncologist,physicians,,
onigiri,Onigiri,japanese,,
opensandwiches,Open Sandwiches,restaurants,,
opera,Opera & Ballet,arts,,
opthamalogists,Ophthalmologists,physicians,,
opticians,Eyewear & Opticians,shopping,,
optometrists,Optometrists,health,,
oralsurgeons,Oral Surgeons,dentists,,
organdonorservices,Organ & Tissue Donor Services,health,,
organic_stores,Organic Stores,food,,
oriental,Oriental,restaurants,,
orthodontists,Orthodontists,dentists,,
orthopedists,Orthopedists,physicians,,
orthotics,Orthotics,health,,
osteopathicphysicians,Osteopathic Physicians,physicians,,
osteopaths,Osteopaths,medcenters,,
othersalons,Nail Salons,beautysvc,,
otologists,Otologists,physicians,,
ottomancuisine,Ottoman Cuisine,turkish,,
outdoorfurniture,Outdoor Furniture Stores,homeandgarden,,
outdoorgear,Outdoor Gear,sportgoods,,
outdoormovies,Outdoor Movies,movietheaters,,
outdoorpowerequipmentservices,Outdoor Power Equipment Services,localservices,,
outlet_stores,Outlet Stores,shopping,,
oxygenbars,Oxygen Bars,health,,
oyakodon,Oyakodon,donburi,,
pachinko,Pachinko,arts,,
packingservices,Packing Services,homeservices,,
packingsupplies,Packing Supplies,shopping,,
paddleboarding,Paddleboarding,active,,
painmanagement,Pain Management,physicians,,
paintandsip,Paint & Sip,arts,,
paintball,Paintball,active,,
painters,Painters,homeservices,,
paintstores,Paint Stores,homeandgarden,,
paintyourownpottery,Paint-Your-Own Pottery,artsandcrafts,,
pakistani,Pakistani,restaurants,,
palatine,Palatine,german,,
panasian,Pan Asian,restaurants,,
pancakes,Pancakes,breakfast_brunch,,
panzerotti,Panzerotti,food,,
paragliding,Paragliding,active,,
parasailing,Parasailing,active,,
parentingclasses,Parenting Classes,specialtyschools,,
parking,Parking,auto,,
parklets,Parklets,localflavor,,
parks,Parks,active,,
parma,Parma,restaurants,,
partybikerentals,Party Bike Rentals,eventservices,,
partybusrentals,Party Bus Rentals,eventservices,,
partycharacters,Party Characters,eventservices,,
partyequipmentrentals,Party Equipment Rentals,eventservices,,
partysupplies,Party Supplies,eventservices,,
passportvisaservices,Passport & Visa Services,travelservices,,
pastashops,Pasta Shops,gourmet,,
patentlaw,Patent Law,professional,,
pathologists,Pathologists,physicians,,
patiocoverings,Patio Coverings,homeservices,,
pawn,Pawn Shops,shopping,,
paydayloans,Check Cashing/Pay-day Loans,financialservices,,
payroll,Payroll Services,professional,,
pediatric_dentists,Pediatric Dentists,dentists,,
pediatricians,Pediatricians,physicians,,
pedicabs,Pedicabs,transport,,
pekinese,Pekinese,chinese,,
pensions,Pensions,hotels,,
perfume,Perfume,beautysvc,shopping,
periodontists,Periodontists,dentists,,
permanentmakeup,Permanent Makeup,beautysvc,,
persian,Persian/Iranian,restaurants,,
personal_injury,Personal Injury Law,lawyers,,
personal_shopping,Personal Shopping,shopping,,
personalassistants,Personal Assistants,professional,,
personalcare,Personal Care Services,health,,
personalchefs,Personal Chefs,eventservices,,
peruvian,Peruvian,restaurants,,
pest_control,Pest Control,localservices,,
pet_sitting,Pet Sitting,petservices,,
pet_training,Pet Training,petservices,,
petadoption,Pet Adoption,pets,,
petboarding,Pet Boarding,pet_sitting,,
petbreeders,Pet Breeders,petservices,,
petcremation,Pet Cremation Services,petservices,,
pethospice,Pet Hospice,petservices,,
petinsurance,Pet Insurance,petservices,,
petphotography,Pet Photography,petservices,,
pets,Pets,,,
petservices,Pet Services,pets,,
petstore,Pet Stores,pets,,
pettingzoos,Petting Zoos,zoos,,
pettransport,Pet Transportation,petservices,,
petwasteremoval,Pet Waste Removal,petservices,,
pfcomercial,PF/Comercial,restaurants,,
pharmacy,Pharmacy,health,,
phlebologists,Phlebologists,physicians,,
photoboothrentals,Photo Booth Rentals,eventservices,,
photoclasses,Photography Classes,specialtyschools,,
photographers,Photographers,eventservices,,
photographystores,Photography Stores & Services,shopping,,
physicaltherapy,Physical Therapy,health,,
physicians,Doctors,health,,
piadina,Piadina,food,,
pianobars,Piano Bars,nightlife,,
pianoservices,Piano Services,musicinstrumentservices,,
pianostores,Piano Stores,musicinstrumentservices,,
pickleball,Pickleball,active,,
pickyourown,Pick Your Own Farms,farms,,
piemonte,Piemonte,italian,,
piercing,Piercing,beautysvc,,
pierogis,Pierogis,polish,,
pilates,Pilates,fitness,,
pita,Pita,restaurants,,
pizza,Pizza,restaurants,,
placentaencapsulation,Placenta Encapsulations,health,,
planetarium,Planetarium,arts,,
plasticsurgeons,Plastic Surgeons,physicians,,
playgrounds,Playgrounds,active,,
playsets,Playsets,homeandgarden,,
plumbing,Plumbing,homeservices,,
plus_size_fashion,Plus Size Fashion,fashion,,
podiatrists,Podiatrists,physicians,,
poke,Poke,food,,
poledancingclasses,Pole Dancing Classes,specialtyschools,,
policedepartments,Police Departments,publicservicesgovt,,
polish,Polish,restaurants,,
polynesian,Polynesian,restaurants,,
poolbilliards,Pool & Billiards,shopping,,
poolcleaners,Pool Cleaners,homeservices,,
poolhalls,Pool Halls,nightlife,,
poolservice,Pool & Hot Tub Service,homeservices,,
popcorn,Popcorn Shops,gourmet,,
popuprestaurants,Pop-Up Restaurants,restaurants,,
popupshops,Pop-up Shops,shopping,,
portabletoiletservices,Portable Toilet Services,localservices,,
portuguese,Portuguese,restaurants,,
postoffices,Post Offices,publicservicesgovt,,
postpartumcare,Postpartum Care,health,,
potatoes,Potatoes,restaurants,,
poutineries,Poutineries,restaurants,,
powdercoating,Powder Coating,localservices,,
prenatal,Prenatal/Perinatal Care,health,,
preschools,Preschools,education,,
pressurewashers,Pressure Washers,homeservices,,
pretzels,Pretzels,food,,
preventivemedicine,Preventive Medicine,physicians,,
printmedia,Print Media,massmedia,,
privateinvestigation,Private Investigation,professional,,
privatejetcharter,Private Jet Charter,transport,,
privateschools,Private Schools,education,,
privatetutors,Private Tutors,education,,
processservers,Process Servers,legalservices,,
proctologist,Proctologists,physicians,,
productdesign,Product Design,professional,,
professional,Professional Services,,,
propane,Propane,localservices,,
propertymgmt,Property Management,realestate,,
props,Props,shopping,,
prosthetics,Prosthetics,health,,
prosthodontists,Prosthodontists,health,,
provencal,Provencal,french,,
psychiatrists,Psychiatrists,physicians,,
psychic_astrology,Supernatural Readings,arts,,
psychicmediums,Psychic Mediums,psychic_astrology,,
psychics,Psychics,psychic_astrology,,
psychoanalysts,Psychoanalysts,c_and_mh,,
psychologists,Psychologists,c_and_mh,,
psychotechnicaltests,Psychotechnical Tests,health,,
psychotherapists,Psychotherapists,c_and_mh,,
pubfood,Pub Food,restaurants,,
publicadjusters,Public Adjusters,professional,,
publicart,Public Art,localflavor,,
publicmarkets,Public Markets,shopping,,
publicplazas,Public Plazas,active,,
publicrelations,Public Relations,professional,,
publicservicesgovt,Public Services & Government,,,
publictransport,Public Transportation,transport,,
pubs,Pubs,bars,,
pueblan,Pueblan,mexican,,
puertorican,Puerto Rican,caribbean,,
pulmonologist,Pulmonologist,physicians,,
pulquerias,Pulquerias,bars,,
pumpkinpatches,Pumpkin Patches,homeandgarden,,
qigong,Qi Gong,fitness,,
races,Races & Competitions,active,,
racetracks,Race Tracks,arts,,
racingexperience,Racing Experience,active,,
radiologists,Radiologists,physicians,,
radiostations,Radio Stations,massmedia,,
rafting,Rafting/Kayaking,active,,
ramen,Ramen,japanese,,
ranches,Ranches,farms,,
raw_food,Live/Raw Food,restaurants,,
realestate,Real Estate,homeservices,,
realestateagents,Real Estate Agents,realestate,,
realestatelawyers,Real Estate Law,lawyers,,
realestatesvcs,Real Estate Services,realestate,,
record_labels,Record Labels,localservices,,
recording_studios,Recording & Rehearsal Studios,localservices,,
recreation,Recreation Centers,active,,
recyclingcenter,Recycling Center,localservices,,
refinishing,Refinishing Services,homeservices,,
reflexology,Reflexology,health,,
registrationservices,Registration Services,auto,,
registry_office,Registry Office,publicservicesgovt,,
rehabilitation_center,Rehabilitation Center,health,,
reiki,Reiki,health,,
religiousitems,Religious Items,shopping,,
religiousorgs,Religious Organizations,,,
religiousschools,Religious Schools,education,,
rentfurniture,Furniture Rental,localservices,,
reproductivehealthservices,Reproductive Health Services,health,,
reptileshops,Reptile Shops,petstore,,
residences,Residences,hotels,,
resorts,Resorts,hotelstravel,,
restaurants,Restaurants,,,
reststops,Rest Stops,hotels,,
retinaspecialists,Retina Specialists,opthamalogists,,
retirement_homes,Retirement Homes,health,,
reunion,Reunion,french,,
reupholstery,Furniture Reupholstery,localservices,,
rhematologists,Rheumatologists,physicians,,
rhinelandian,Rhinelandian,german,,
ribatejo,Ribatejo,portuguese,,
riceshop,Rice,restaurants,,
roadsideassist,Roadside Assistance,auto,,
robatayaki,Robatayaki,japanese,,
rock_climbing,Rock Climbing,active,,
rodeo,Rodeo,arts,,
rodizios,Rodizios,brazilian,,
roman,Roman,italian,,
romanian,Romanian,restaurants,,
roofing,Roofing,homeservices,,
roofinspectors,Roof Inspectors,homeservices,,
rotisserie_chicken,Rotisserie Chicken,restaurants,,
rugs,Rugs,homeandgarden,,
russian,Russian,restaurants,,
rv_dealers,RV Dealers,auto,,
rvparks,RV Parks,hotelstravel,,
rvrental,RV Rental,hotelstravel,,
rvrepair,RV Repair,auto,,
ryokan,Ryokan,hotels,,
safestores,Safe Stores,shopping,,
safetyequipment,Safety Equipment,shopping,,
sailing,Sailing,active,,
sakebars,Sake Bars,bars,,
salad,Salad,restaurants,,
salumerie,Salumerie,food,,
salvadoran,Salvadoran,latin,,
sambaschools,Samba Schools,specialtyschools,,
sandblasting,Sandblasting,localservices,,
sandwiches,Sandwiches,restaurants,,
sardinian,Sardinian,italian,,
saunainstallation,Sauna Installation & Repair,homeservices,,
saunas,Saunas,health,,
scandinavian,Scandinavian,restaurants,,
scandinaviandesign,Scandinavian Design,shopping,,
scavengerhunts,Scavenger Hunts,active,,
schnitzel,Schnitzel,restaurants,,
scooterrentals,Scooter Rentals,active,,
scootertours,Scooter Tours,tours,,
scottish,Scottish,restaurants,,
screen_printing_tshirt_printing,Screen Printing/T-Shirt Printing,localservices,,
screenprinting,Screen Printing,localservices,,
scuba,Scuba Diving,diving,,
seafood,Seafood,restaurants,,
seafoodmarkets,Seafood Markets,gourmet,,
seasonaldecorservices,Holiday Decorating Services,homeservices,,
security,Security Services,professional,,
securitysystems,Security Systems,homeservices,,
selfdefenseclasses,Self-defense Classes,fitness,,
selfstorage,Self Storage,localservices,,
senegalese,Senegalese,african,,
seniorcenters,Senior Centers,active,,
septicservices,Septic Services,localservices,,
serbocroatian,Serbo Croatian,restaurants,,
service_stations,Service Stations,auto,,
servicestations,Gas Stations,auto,,
sessionphotography,Session Photography,photographers,,
sewingalterations,Sewing & Alterations,localservices,,
sextherapists,Sex Therapists,c_and_mh,,
shanghainese,Shanghainese,chinese,,
sharedofficespaces,Shared Office Spaces,realestate,,
sharedtaxis,Shared Taxis,transport,,
shavedice,Shaved Ice,food,,
shavedsnow,Shaved Snow,food,,
shedsandoutdoorstorage,Sheds & Outdoor Storage,homeandgarden,,
shipping_centers,Shipping Centers,localservices,,
shoerepair,Shoe Repair,localservices,,
shoes,Shoe Stores,fashion,,
shoeshine,Shoe Shine,localservices,,
shopping,Shopping,,,
shoppingcenters,Shopping Centers,shopping,,
shoppingpassages,Shopping Passages,shopping,,
shredding,Shredding Services,professional,,
shrines,Shrines,religiousorgs,,
shutters,Shutters,homeservices,,
sicilian,Sicilian,italian,,
signature_cuisine,Signature Cuisine,restaurants,,
signmaking,Signmaking,professional,,
sikhtemples,Sikh Temples,religiousorgs,,
silentdisco,Silent Disco,eventservices,,
singaporean,Singaporean,restaurants,,
skate_parks,Skate Parks,parks,,
skateshops,Skate Shops,sportgoods,,
skatingrinks,Skating Rinks,active,,
skiing,Skiing,active,,
skillednursing,Skilled Nursing,health,,
skincare,Skin Care,beautysvc,,
skiresorts,Ski Resorts,hotelstravel,,
skischools,Ski Schools,specialtyschools,,
skishops,Ski & Snowboard Shops,sportgoods,,
skydiving,Skydiving,active,,
sledding,Sledding,active,,
sleepspecialists,Sleep Specialists,health,,
sleepwear,Sleepwear,fashion,,
slovakian,Slovakian,restaurants,,
smog_check_stations,Smog Check Stations,auto,,
smokehouse,Smokehouse,food,,
smokingareas,Smoking Areas,localservices,,
snorkeling,Snorkeling,active,,
snowremoval,Snow Removal,localservices,,
snuggleservices,Snuggle Services,localservices,,
soba,Soba,japanese,,
social_clubs,Social Clubs,arts,,
socialsecuritylaw,Social Security Law,lawyers,,
softwaredevelopment,Software Development,professional,,
solarinstallation,Solar Installation,homeservices,,
solarpanelcleaning,Solar Panel Cleaning,homeservices,,
somali,Somali,restaurants,,
sommelierservices,Sommelier Services,eventservices,,
sophrologists,Sophrologists,c_and_mh,,
soulfood,Soul Food,restaurants,,
soup,Soup,restaurants,,
southafrican,South African,african,,
southern,Southern,restaurants,,
souvenirs,Souvenir Shops,shopping,,
spanish,Spanish,restaurants,,
spas,Day Spas,beautysvc,,
speakeasies,Speakeasies,bars,,
specialbikes,Special Bikes,bicycles,,
specialed,Special Education,education,,
specialtyschools,Specialty Schools,education,,
speech_therapists,Speech Therapists,health,,
speechtraining,Speech Training,specialtyschools,,
spermclinic,Sperm Clinic,health,,
spinesurgeons,Spine Surgeons,physicians,,
spiritism,Spiritism,religiousorgs,,
spiritual_shop,Spiritual Shop,shopping,,
sport_equipment_hire,Sport Equipment Hire,active,,
sportgoods,Sporting Goods,shopping,,
sports_clubs,Sports Clubs,active,,
sportsbars,Sports Bars,bars,,
sportsbetting,Sports Betting,arts,,
sportsmed,Sports Medicine,physicians,,
sportspsychologists,Sports Psychologists,c_and_mh,,
sportsteams,Professional Sports Teams,arts,,
sportswear,Sports Wear,sportgoods,fashion,
spraytanning,Spray Tanning,tanning,,
squash,Squash,active,,
srilankan,Sri Lankan,restaurants,,
stadiumsarenas,Stadiums & Arenas,arts,,
stationery,Cards & Stationery,eventservices,flowers,artsandcrafts
steak,Steakhouses,restaurants,,
stereo_installation,Car Stereo Installation,auto,,
stockings,Stockings,fashion,,
stonemasons,Stonemasons,localservices,,
streetart,Street Art,arts,,
streetvendors,Street Vendors,food,,
stripclubs,Strip Clubs,adultentertainment,,
stripteasedancers,Striptease Dancers,adultentertainment,,
structuralengineers,Structural Engineers,homeservices,,
stucco,Stucco Services,homeservices,,
studiotaping,Studio Taping,arts,,
sud_ouest,French Southwest,restaurants,,
sugaring,Sugaring,hairremoval,,
sugarshacks,Sugar Shacks,food,,
sukiyaki,Sukiyaki,japanese,,
summer_camps,Summer Camps,active,,
sunglasses,Sunglasses,opticians,,
supperclubs,Supper Clubs,restaurants,,
suppliesrestaurant,Restaurant Supplies,wholesalers,,
surfing,Surfing,active,,
surflifesaving,Surf Lifesaving,active,,
surfschools,Surf Schools,specialtyschools,,
surfshop,Surf Shop,fashion,,
surgeons,Surgeons,physicians,,
sushi,Sushi Bars,restaurants,,
swabian,Swabian,restaurants,,
swedish,Swedish,restaurants,,
swimminglessons,Swimming Lessons/Schools,specialtyschools,fitness,
swimmingpools,Swimming Pools,active,,
swimwear,Swimwear,fashion,,
swissfood,Swiss Food,restaurants,,
synagogues,Synagogues,religiousorgs,,
syrian,Syrian,restaurants,,
szechuan,Szechuan,chinese,,
tabac,Tabac,bars,,
tabernas,Tabernas,restaurants,,
tablaoflamenco,Tablao Flamenco,arts,,
tabletopgames,Tabletop Games,shopping,,
tableware,Tableware,homeandgarden,,
tacos,Tacos,mexican,,
taekwondo,Taekwondo,martialarts,,
taichi,Tai Chi,fitness,,
taiwanese,Taiwanese,restaurants,,
taiyaki,Taiyaki,jpsweets,,
takoyaki,Takoyaki,japanese,,
talentagencies,Talent Agencies,professional,,
tamales,Tamales,mexican,,
tanning,Tanning,beautysvc,,
tanningbeds,Tanning Beds,tanning,,
taoisttemples,Taoist Temples,religiousorgs,,
tapas,Tapas Bars,restaurants,,
tapasmallplates,Tapas/Small Plates,restaurants,,
tastingclasses,Tasting Classes,education,,
tattoo,Tattoo,beautysvc,,
tattooremoval,Tattoo Removal,physicians,,
tavolacalda,Tavola Calda,restaurants,,
taxidermy,Taxidermy,professional,,
taxis,Taxis,transport,,
taxlaw,Tax Law,lawyers,,
taxoffice,Tax Office,publicservicesgovt,,
taxservices,Tax Services,financialservices,,
tcm,Traditional Chinese Medicine,health,,
tea,Tea Rooms,food,,
teachersupplies,Teacher Supplies,shopping,,
teambuilding,Team Building Activities,eventservices,,
teethwhitening,Teeth Whitening,beautysvc,,
telecommunications,Telecommunications,itservices,,
televisionserviceproviders,Television Service Providers,homeservices,,
televisionstations,Television Stations,massmedia,,
tempura,Tempura,japanese,,
tenantlaw,Tenant and Eviction Law,professional,,
tennis,Tennis,active,,
teochew,Teochew,chinese,,
teppanyaki,Teppanyaki,japanese,,
testprep,Test Preparation,education,,
tex-mex,Tex-Mex,restaurants,,
thai,Thai,restaurants,,
theater,Performing Arts,arts,,
themedcafes,Themed Cafes,cafes,,
threadingservices,Threading Services,hairremoval,,
thrift_stores,Thrift Stores,shopping,,
tickets,Tickets,shopping,,
ticketsales,Ticket Sales,arts,,
tikibars,Tiki Bars,bars,,
tiling,Tiling,homeservices,,
tires,Tires,auto,,
titleloans,Title Loans,financialservices,,
tobaccoshops,Tobacco Shops,shopping,,
tofu,Tofu Shops,gourmet,,
tonkatsu,Tonkatsu,japanese,,
torshi,Torshi,food,,
tortillas,Tortillas,food,,
tours,Tours,hotelstravel,,
towing,Towing,auto,,
towncarservice,Town Car Service,transport,,
townhall,Town Hall,publicservicesgovt,,
toxicologists,Toxicologists,physicians,,
toys,Toy Stores,shopping,,
tradamerican,American (Traditional),restaurants,,
tradclothing,Traditional Clothing,fashion,,
tradefairs,Trade Fairs,festivals,,
traditional_swedish,Traditional Swedish,restaurants,,
trafficschools,Traffic Schools,specialtyschools,,
trafficticketinglaw,Traffic Ticketing Law,lawyers,,
trailerdealers,Trailer Dealers,auto,,
trailerrental,Trailer Rental,auto,,
trailerrepair,Trailer Repair,auto,,
trains,Trains,transport,,
trainstations,Train Stations,hotelstravel,,
trampoline,Trampoline Parks,active,,
translationservices,Translation Services,professional,,
transmissionrepair,Transmission Repair,auto,,
transport,Transportation,hotelstravel,,
tras_os_montes,Tras-os-Montes,portuguese,,
trattorie,Trattorie,restaurants,,
travelagents,Travel Agents,travelservices,,
travelservices,Travel Services,hotelstravel,,
treeservices,Tree Services,homeservices,,
trinidadian,Trinidadian,caribbean,,
triviahosts,Trivia Hosts,eventservices,,
trophyshops,Trophy Shops,shopping,,
tropicalmedicine,Tropical Medicine,physicians,,
truck_rental,Truck Rental,auto,,
truckdealers,Commercial Truck Dealers,auto,,
truckrepair,Commercial Truck Repair,auto,,
tubing,Tubing,active,,
tuina,Tui Na,tcm,,
turkish,Turkish,restaurants,,
turkishravioli,Turkish Ravioli,turkish,,
tuscan,Tuscan,italian,,
tutoring,Tutoring Centers,education,,
tvmounting,TV Mounting,localservices,,
udon,Udon,japanese,,
ukrainian,Ukrainian,restaurants,,
ultrasoundimagingcenters,Ultrasound Imaging Centers,health,,
unagi,Unagi,japanese,,
underseamedicine,Undersea/Hyperbaric Medicine,physicians,,
uniforms,Uniforms,shopping,,
university_housing,University Housing,realestate,,
unofficialyelpevents,Unofficial Yelp Events,localflavor,,
urgent_care,Urgent Care,health,,
urologists,Urologists,physicians,,
usedbooks,Used Bookstore,shopping,,
usedcardealers,Used Car Dealers,auto,,
utilities,Utilities,homeservices,,
uzbek,Uzbek,restaurants,,
vacation_rentals,Vacation Rentals,hotelstravel,,
vacationrentalagents,Vacation Rental Agents,hotelstravel,,
valetservices,Valet Services,eventservices,,
vapeshops,Vape Shops,shopping,,
vascularmedicine,Vascular Medicine,physicians,,
vegan,Vegan,restaurants,,
vegetarian,Vegetarian,restaurants,,
vehicleshipping,Vehicle Shipping,auto,,
vehiclewraps,Vehicle Wraps,auto,,
venetian,Venetian,italian,,
venezuelan,Venezuelan,latin,,
venison,Venison,restaurants,,
venues,Venues & Event Spaces,eventservices,,
vermouthbars,Vermouth Bars,bars,,
vet,Veterinarians,pets,,
veteransorganizations,Veterans Organizations,social_clubs,,
videoandgames,Videos & Video Game Rental,media,,
videofilmproductions,Video/Film Production,professional,,
videogamestores,Video Game Stores,media,,
videographers,Videographers,eventservices,,
vietnamese,Vietnamese,restaurants,,
vintage,"Used, Vintage & Consignment",fashion,,
vinyl_records,Vinyl Records,media,,
vinylsiding,Siding,homeservices,,
virtualrealitycenters,Virtual Reality Centers,arts,,
visitorcenters,Visitor Centers,travelservices,,
vitaminssupplements,Vitamins & Supplements,shopping,,
vocalcoach,Vocal Coach,musicinstrumentservices,,
vocation,Vocational & Technical School,specialtyschools,,
volleyball,Volleyball,active,,
waffles,Waffles,restaurants,,
waldorfschools,Waldorf Schools,education,,
walkinclinics,Walk-in Clinics,medcenters,,
walkingtours,Walking Tours,tours,,
wallpapering,Wallpapering,homeservices,,
watch_repair,Watch Repair,localservices,,
watches,Watches,shopping,,
waterdelivery,Water Delivery,localservices,,
waterheaterinstallrepair,Water Heater Installation/Repair,homeservices,,
waterparks,Water Parks,active,,
waterproofing,Waterproofing,homeservices,,
waterpurification,Water Purification Services,homeservices,,
waterstores,Water Stores,food,,
watersuppliers,Water Suppliers,utilities,,
watertaxis,Water Taxis,transport,,
waxing,Waxing,hairremoval,,
web_design,Web Design,professional,,
wedding_planning,Wedding Planning,eventservices,,
weddingchappels,Wedding Chapels,eventservices,,
weightlosscenters,Weight Loss Centers,health,,
welldrilling,Well Drilling,localservices,,
westernjapanese,Western Style Japanese Food,japanese,,
whalewatchingtours,Whale Watching Tours,tours,,
wheelrimrepair,Wheel & Rim Repair,auto,,
whiskeybars,Whiskey Bars,bars,,
wholesale_stores,Wholesale Stores,shopping,,
wholesalers,Wholesalers,professional,,
wigs,Wigs,shopping,,
wildlifecontrol,Wildlife Control,localservices,,
wildlifehunting,Wildlife Hunting Ranges,active,,
willstrustsprobates,"Wills, Trusts, & Probates",estateplanning,,
windowsinstallation,Windows Installation,homeservices,,
windowwashing,Window Washing,homeservices,,
windshieldinstallrepair,Windshield Installation & Repair,auto,,
wine_bars,Wine Bars,bars,,
wineries,Wineries,arts,food,
winetasteclasses,Wine Tasting Classes,tastingclasses,,
winetastingroom,Wine Tasting Room,wineries,,
winetours,Wine Tours,tours,,
wok,Wok,restaurants,,
womenscloth,Women's Clothing,fashion,,
workerscomplaw,Workers Compensation Law,lawyers,,
wraps,Wraps,restaurants,,
xmasmarkets,Christmas Markets,festivals,,
yakiniku,Yakiniku,japanese,,
yakitori,Yakitori,japanese,,
yelpevents,Yelp Events,localflavor,,
yoga,Yoga,fitness,,
youth_club,Youth Club,localservices,,
yucatan,Yucatan,mexican,,
yugoslav,Yugoslav,restaurants,,
zapiekanka,Zapiekanka,food,,
zipline,Ziplining,active,,
zoos,Zoos,active,,
zorbing,Zorbing,active,,
